{"dates_am": ["20151224", "20151226", "20151227", "20151229"], "sm_mean_value_am": [0.22410064578548936, 0.22756136282662714, 0.23722273221141413, 0.2235814648226273], "dates_pm": ["20151224", "20151227", "20151229", "20151230"], "sm_mean_value_pm": [0.24271395162117382, 0.24355392305811574, 0.14924001301589765, 0.24107821347299685], "dates_day": ["20151224", "20151226", "20151227", "20151229", "20151230"], "sm_mean_value_day": [0.2334072987033316, 0.22756136282662714, 0.24076937152831643, 0.21349226779171399, 0.24107821347299685]}